06123AA0064405A;CRECHE LES RENARDEAUX;CRECHE FAMILIALE;6123;PETITE ENFANCE;"{""type"": ""Point"", ""coordinates"": [7.19621949, 43.66500375]}"
06088AG069346B;L'EAU VIVE;CENTRE MULTI ACCUEIL;6088;PETITE ENFANCE;"{""type"": ""Point"", ""coordinates"": [7.25662366, 43.72211191]}"
06088AG039612B;LU PARPAIOUN;CENTRE MULTI ACCUEIL;6088;PETITE ENFANCE;"{""type"": ""Point"", ""coordinates"": [7.28377784, 43.70544929]}"
06088AR026438A;CRECHE SAINTE CROIX;ETABLISSEMENT NON MUNICIPAL;6088;PETITE ENFANCE;"{""type"": ""Point"", ""coordinates"": [7.28138621, 43.70340354]}"
06088AM1232173A;CRECHE DU CENTRE MATERNEL;ETABLISSEMENT NON MUNICIPAL;6088;PETITE ENFANCE;"{""type"": ""Point"", ""coordinates"": [7.29598947, 43.70477544]}"
06088BA1644147I;CRECHE DU CENTRE ADMINISTRATIF;ETABLISSEMENT NON MUNICIPAL;6088;PETITE ENFANCE;"{""type"": ""Point"", ""coordinates"": [7.19978075, 43.67420981]}"
06088AA116640A;HALTE-GARDERIE LES PITCHOUNETS;ETABLISSEMENT NON MUNICIPAL;6088;PETITE ENFANCE;"{""type"": ""Point"", ""coordinates"": [7.25885475, 43.71366159]}"
06088BA1644208B;PLANETE BLEUE;"ETABLISSEMENT MIXTE ""VILLE-ENTREPRISES""";6088;PETITE ENFANCE;"{""type"": ""Point"", ""coordinates"": [7.20303672, 43.67920684]}"
06088AC0099268A;ANTENNE LES MOUSSAILLONS;SERVICE D'ACCUEIL FAMILIAL;6088;PETITE ENFANCE;"{""type"": ""Point"", ""coordinates"": [7.22865803, 43.67824803]}"
06088AB049524D;ANTENNE LOU NIDOU;SERVICE D'ACCUEIL FAMILIAL;6088;PETITE ENFANCE;"{""type"": ""Point"", ""coordinates"": [7.25788212, 43.71219909]}"
06114AA000333A;CRECHE INTERCOMMUNALE DE SAINT ANDRE DE LA ROCHE;CRECHE FAMILIALE;6114;PETITE ENFANCE;"{""type"": ""Point"", ""coordinates"": [7.28773214, 43.73798738]}"
06027AA03180B;CRECHE LA PASSERELLE DES PETITS PAS;CRECHE FAMILIALE;6027;PETITE ENFANCE;"{""type"": ""Point"", ""coordinates"": [7.15120271, 43.66664602]}"
06159AA00021A;CRECHE MUNICIPALE LOU CIGALOUN;CRECHE FAMILIALE;6159;PETITE ENFANCE;"{""type"": ""Point"", ""coordinates"": [7.30770811, 43.7016474]}"
06157AA0044805A;CRECHE VEGA;CRECHE FAMILIALE;6157;PETITE ENFANCE;"{""type"": ""Point"", ""coordinates"": [7.09752173, 43.72473303]}"
06088AG069368B;LA SOURCE;CENTRE MULTI ACCUEIL;6088;PETITE ENFANCE;"{""type"": ""Point"", ""coordinates"": [7.25642516, 43.72451957]}"
06088AD013746B;LES TOURTERELLES ET SA PETITE MAISON;CENTRE MULTI ACCUEIL;6088;PETITE ENFANCE;"{""type"": ""Point"", ""coordinates"": [7.30169799, 43.73702368]}"
06088AB03632B;LA JOIA;CENTRE MULTI ACCUEIL;6088;PETITE ENFANCE;"{""type"": ""Point"", ""coordinates"": [7.26168814, 43.71117896]}"
06088AP13976C;LOU PILOU;CENTRE MULTI ACCUEIL;6088;PETITE ENFANCE;"{""type"": ""Point"", ""coordinates"": [7.27155288, 43.70259822]}"
06027AA004557A;HALTE GARDERIE LES GALETS;JARDIN D'ENFANTS;6027;PETITE ENFANCE;"{""type"": ""Point"", ""coordinates"": [7.14540897, 43.66418183]}"
06088AT02426B;POINT INFO FAMILLE;ETABLISSEMENT;6088;PETITE ENFANCE;"{""type"": ""Point"", ""coordinates"": [7.27643893, 43.70088059]}"
06088AG00883C;MEDIATION FAMILIALE;ETABLISSEMENT;6088;PETITE ENFANCE;"{""type"": ""Point"", ""coordinates"": [7.27175469, 43.7028963]}"
06088AS0082151B;CRECHE DE L'HOPITAL DE L'ARCHET;ETABLISSEMENT NON MUNICIPAL;6088;PETITE ENFANCE;"{""type"": ""Point"", ""coordinates"": [7.22919884, 43.69517142]}"
06088AS12542BISC;RELAIS SMOLETT;RELAIS PETITE ENFANCE;6088;PETITE ENFANCE;"{""type"": ""Point"", ""coordinates"": [7.28163534, 43.70422462]}"
06088AV030814A;LES PETITS POETES;CENTRE MULTI ACCUEIL;6088;PETITE ENFANCE;"{""type"": ""Point"", ""coordinates"": [7.2652611, 43.69992238]}"
06088AC193620A;FRAISES DES BOIS;"ETABLISSEMENT MIXTE ""VILLE-ENTREPRISES""";6088;PETITE ENFANCE;"{""type"": ""Point"", ""coordinates"": [7.25780933, 43.69733136]}"
06088AF0550111A;LE PETIT JARDIN D'ELIOT;"ETABLISSEMENT MIXTE ""VILLE-ENTREPRISES""";6088;PETITE ENFANCE;"{""type"": ""Point"", ""coordinates"": [7.25355733, 43.69431242]}"
06088AG069348A;ANTENNE GORBELLA;SERVICE D'ACCUEIL FAMILIAL;6088;PETITE ENFANCE;"{""type"": ""Point"", ""coordinates"": [7.25660236, 43.72232393]}"
06088AB106759A;ELIOT ET COMPAGNIE;"ETABLISSEMENT MIXTE ""VILLE-ENTREPRISES""";6088;PETITE ENFANCE;"{""type"": ""Point"", ""coordinates"": [7.25807981, 43.69622122]}"
06027AA04120A;CRECHE FAMILIALE LOU RIGAOU;CRECHE FAMILIALE;6027;PETITE ENFANCE;"{""type"": ""Point"", ""coordinates"": [7.15279837, 43.66598026]}"
06027AA11400B;CRECHE LES 3 ARBRES;CRECHE FAMILIALE;6027;PETITE ENFANCE;"{""type"": ""Point"", ""coordinates"": [7.16491383, 43.66856937]}"
06123AA018929A;CRECHE FAMILIALE LEI PITCHOUN;CRECHE FAMILIALE;6123;PETITE ENFANCE;"{""type"": ""Point"", ""coordinates"": [7.18862392, 43.67472856]}"
06032AA00600A;MULTI  ACCUEIL COLLECTIF ET FAMILIAL DU DR LYONS;CRECHE FAMILIALE;6032;PETITE ENFANCE;"{""type"": ""Point"", ""coordinates"": [7.39783415, 43.72190537]}"
06088AA05282I;TERRA AMATA;CENTRE MULTI ACCUEIL;6088;PETITE ENFANCE;"{""type"": ""Point"", ""coordinates"": [7.28935594, 43.69952985]}"
06088AS0407139B;LES PETITS POUCETS;CENTRE MULTI ACCUEIL;6088;PETITE ENFANCE;"{""type"": ""Point"", ""coordinates"": [7.26234078, 43.7171428]}"
06088AM0044230A;LES RAINETTES;CENTRE MULTI ACCUEIL;6088;PETITE ENFANCE;"{""type"": ""Point"", ""coordinates"": [7.23370714, 43.70505904]}"
06027AA005916A;HALTE GARDERIE LES ORANGERS;JARDIN D'ENFANTS;6027;PETITE ENFANCE;"{""type"": ""Point"", ""coordinates"": [7.16735725, 43.65822519]}"
06088AV058330B;CRECHE DE L'HOPITAL PASTEUR;ETABLISSEMENT NON MUNICIPAL;6088;PETITE ENFANCE;"{""type"": ""Point"", ""coordinates"": [7.28184503, 43.72445825]}"
06088AV052574A;HALTE-GARDERIE L'ATELIER DANS LA VILLE;ETABLISSEMENT NON MUNICIPAL;6088;PETITE ENFANCE;"{""type"": ""Point"", ""coordinates"": [7.29312462, 43.71526687]}"
06088AM004442A;HALTE-GARDERIE MARIE-CLOTILDE;ETABLISSEMENT NON MUNICIPAL;6088;PETITE ENFANCE;"{""type"": ""Point"", ""coordinates"": [7.2425001, 43.69640616]}"
06025AA005454B;CRECHE LE JARDIN DES ETOILES;CRECHE FAMILIALE;6025;PETITE ENFANCE;"{""type"": ""Point"", ""coordinates"": [7.16764617, 43.80772521]}"
06065AA0050185BISA;CRECHE ESPACE CREATIF LE NID VERT;CRECHE FAMILIALE;6065;PETITE ENFANCE;"{""type"": ""Point"", ""coordinates"": [7.16579829, 43.72237852]}"
06117AA00454648A;"CRECHE HALTE GALDERIE ""LA BARBOTEUSE""";CRECHE FAMILIALE;6117;PETITE ENFANCE;"{""type"": ""Point"", ""coordinates"": [7.22978477, 43.80638952]}"
06088AB049524C;BELLEVUE;CENTRE MULTI ACCUEIL;6088;PETITE ENFANCE;"{""type"": ""Point"", ""coordinates"": [7.25770618, 43.71237252]}"
06088AC123231B;LA RITOURNELLE;CENTRE MULTI ACCUEIL;6088;PETITE ENFANCE;"{""type"": ""Point"", ""coordinates"": [7.25933291, 43.70798246]}"
06088AM01578M;HALTE-GARDERIE LES YUCCAS;ETABLISSEMENT NON MUNICIPAL;6088;PETITE ENFANCE;"{""type"": ""Point"", ""coordinates"": [7.20386447, 43.67502171]}"
06088AS040788A;CRECHE SAINT LAMBERT;ETABLISSEMENT NON MUNICIPAL;6088;PETITE ENFANCE;"{""type"": ""Point"", ""coordinates"": [7.26285285, 43.7136718]}"
06088AM09294A;ANTENNE LA PETITE RUCHE;SERVICE D'ACCUEIL FAMILIAL;6088;PETITE ENFANCE;"{""type"": ""Point"", ""coordinates"": [7.29234952, 43.72329198]}"
06123AA005437A;CRECHE LES MOUSSAILLONS;CRECHE FAMILIALE;6123;PETITE ENFANCE;"{""type"": ""Point"", ""coordinates"": [7.18162282, 43.65936429]}"
06149AA01450A;CRECHE LA GALIPETTE;CRECHE FAMILIALE;6149;PETITE ENFANCE;"{""type"": ""Point"", ""coordinates"": [7.3194393, 43.73754332]}"
06046AA003810A;"STRUCTURE MULTI  ACCUEIL INTERCOMMUNALE ""LES P'TITS BOUTS""";CRECHE FAMILIALE;6046;PETITE ENFANCE;"{""type"": ""Point"", ""coordinates"": [7.22080432, 43.7588074]}"
06088AD01152D;ANTENNE ARBRE BLEU;SERVICE D'ACCUEIL FAMILIAL;6088;PETITE ENFANCE;"{""type"": ""Point"", ""coordinates"": [7.20049649, 43.68473515]}"
06088AP070460B;LA MANTEGA;CENTRE MULTI ACCUEIL;6088;PETITE ENFANCE;"{""type"": ""Point"", ""coordinates"": [7.24881874, 43.71139881]}"
06088AT015412A;VILLA ISABELLE;CENTRE MULTI ACCUEIL;6088;PETITE ENFANCE;"{""type"": ""Point"", ""coordinates"": [7.26032855, 43.71112177]}"
06088AG00883B;LA MAISON DES PARENTS ET DES ENFANTS;ETABLISSEMENT;6088;PETITE ENFANCE;"{""type"": ""Point"", ""coordinates"": [7.27178656, 43.70295442]}"
06088AS013230A;CRECHE LES PETITES BULLES;"ETABLISSEMENT MIXTE ""VILLE-ENTREPRISES""";6088;PETITE ENFANCE;"{""type"": ""Point"", ""coordinates"": [7.21182119, 43.67485231]}"
06088AP00227A;JARDIN D'ENFANT PRIVE - LE SOLEIL;ETABLISSEMENT NON MUNICIPAL;6088;PETITE ENFANCE;"{""type"": ""Point"", ""coordinates"": [7.23442053, 43.68964723]}"
06088BA02780A;CRECHE ROSE DE FRANCE;ETABLISSEMENT NON MUNICIPAL;6088;PETITE ENFANCE;"{""type"": ""Point"", ""coordinates"": [7.22616039, 43.67796452]}"
06073AA004923A;LES PITCHOUNS;CRECHE FAMILIALE;6073;PETITE ENFANCE;"{""type"": ""Point"", ""coordinates"": [7.05005248, 44.18614304]}"
06088AD055012A;RELAIS PAEZ;RELAIS PETITE ENFANCE;6088;PETITE ENFANCE;"{""type"": ""Point"", ""coordinates"": [7.21946912, 43.6708163]}"
06066AA00470A;MICROCRECHE COMMUNALE LES PETITES SOLEILS;CRECHE FAMILIALE;6066;PETITE ENFANCE;"{""type"": ""Point"", ""coordinates"": [7.16321268, 43.84944288]}"
06065AA01142210A;CRECHE ESPACE-MOMES;CRECHE FAMILIALE;6065;PETITE ENFANCE;"{""type"": ""Point"", ""coordinates"": [7.16705424, 43.72232473]}"
06123AA001183A;CRECHE LOU NISTOU;CRECHE FAMILIALE;6123;PETITE ENFANCE;"{""type"": ""Point"", ""coordinates"": [7.18278687, 43.68519168]}"
06059AA0018690BISA;MULTI ACCUEIL INTERCOMMUNALE CRECHE HALTE GARDERIE;CRECHE FAMILIALE;6059;PETITE ENFANCE;"{""type"": ""Point"", ""coordinates"": [7.35555903, 43.7334144]}"
06088AF049513B;LES IRIS;CENTRE MULTI ACCUEIL;6088;PETITE ENFANCE;"{""type"": ""Point"", ""coordinates"": [7.29076946, 43.71450726]}"
06088AM01572C;LA FARANDOLE;CENTRE MULTI ACCUEIL;6088;PETITE ENFANCE;"{""type"": ""Point"", ""coordinates"": [7.2071573, 43.67273197]}"
06088AP13976B;POINT ECOUTE JEUNE : L'ESCALE;ETABLISSEMENT;6088;PETITE ENFANCE;"{""type"": ""Point"", ""coordinates"": [7.27155288, 43.70259822]}"
06088AT02426C;DIRECTION DES AFFAIRES SOCIALES;ETABLISSEMENT;6088;PETITE ENFANCE;"{""type"": ""Point"", ""coordinates"": [7.27637166, 43.70090654]}"
06088AA03521A;CRECHE LES KARR' HIBOUX;ETABLISSEMENT NON MUNICIPAL;6088;PETITE ENFANCE;"{""type"": ""Point"", ""coordinates"": [7.26653128, 43.69814518]}"
06088AM018732E;RELAIS MALAUSSENA;RELAIS PETITE ENFANCE;6088;PETITE ENFANCE;"{""type"": ""Point"", ""coordinates"": [7.26270383, 43.70936392]}"
06088AV047327A;ELIOT SUR LA COLLINE;"ETABLISSEMENT MIXTE ""VILLE-ENTREPRISES""";6088;PETITE ENFANCE;"{""type"": ""Point"", ""coordinates"": [7.30203842, 43.70792229]}"
06075AA00192A;CRECHE INTERCOMMUNALE DE LEVENS;CRECHE FAMILIALE;6075;PETITE ENFANCE;"{""type"": ""Point"", ""coordinates"": [7.22868085, 43.85945988]}"
06027AA015899B;CRECHE LOU NISTOUN;CRECHE FAMILIALE;6027;PETITE ENFANCE;"{""type"": ""Point"", ""coordinates"": [7.16524624, 43.66929758]}"
06123AA012390A;CRECHE LES LUTINS;CRECHE FAMILIALE;6123;PETITE ENFANCE;"{""type"": ""Point"", ""coordinates"": [7.18400362, 43.66556044]}"
06126AA00023A;CRECHE INTERCOMMUNALE;CRECHE FAMILIALE;6126;PETITE ENFANCE;"{""type"": ""Point"", ""coordinates"": [7.19085535, 43.82192933]}"
06088AT0451223A;LES LIBELLULES;CENTRE MULTI ACCUEIL;6088;PETITE ENFANCE;"{""type"": ""Point"", ""coordinates"": [7.28894354, 43.72436803]}"
06088AB04511A;LA ROSERAIE;CENTRE MULTI ACCUEIL;6088;PETITE ENFANCE;"{""type"": ""Point"", ""coordinates"": [7.2789972, 43.71857054]}"
06088SC01068A;MIRABELLE;ETABLISSEMENT;6088;PETITE ENFANCE;"{""type"": ""Point"", ""coordinates"": [7.28615682, 43.70146059]}"
06088AM13704A;CRECHE BB SOLEIL;ETABLISSEMENT NON MUNICIPAL;6088;PETITE ENFANCE;"{""type"": ""Point"", ""coordinates"": [7.28104884, 43.7132278]}"
06088AP126513C;CRECHE SAINT-PIERRE;ETABLISSEMENT NON MUNICIPAL;6088;PETITE ENFANCE;"{""type"": ""Point"", ""coordinates"": [7.25284213, 43.69502074]}"
06088AT012139A;MENTHE A L'EAU;"ETABLISSEMENT MIXTE ""VILLE-ENTREPRISES""";6088;PETITE ENFANCE;"{""type"": ""Point"", ""coordinates"": [7.2230474, 43.69055049]}"
06088AD01152F;L'ARBRE BLEU;CENTRE MULTI ACCUEIL;6088;PETITE ENFANCE;"{""type"": ""Point"", ""coordinates"": [7.20060534, 43.68456221]}"
06088AV056149A;CRECHE LES PITCHOUNS DE VITTONE;ETABLISSEMENT NON MUNICIPAL;6088;PETITE ENFANCE;"{""type"": ""Point"", ""coordinates"": [7.2119499, 43.67247132]}"
06088SP00881A;HALTE GARDERIE SOL EN SI;CRECHE FAMILIALE;6088;PETITE ENFANCE;"{""type"": ""Point"", ""coordinates"": [7.27358928, 43.69644931]}"
06088AA114447B;ANTENNE LA MAIOUN DEI PICHOUI;SERVICE D'ACCUEIL FAMILIAL;6088;PETITE ENFANCE;"{""type"": ""Point"", ""coordinates"": [7.28593356, 43.70628551]}"
06027AA03180A;CRECHE ESTERELLA;CRECHE FAMILIALE;6027;PETITE ENFANCE;"{""type"": ""Point"", ""coordinates"": [7.15130809, 43.66713093]}"
06011AA00105A;CRECHE MULTI ACCUEIL LES PETITS MALINS;CRECHE FAMILIALE;6011;PETITE ENFANCE;"{""type"": ""Point"", ""coordinates"": [7.3333959, 43.70674394]}"
06088AG046289A;VILLA LA LEZARDIERE;CENTRE MULTI ACCUEIL;6088;PETITE ENFANCE;"{""type"": ""Point"", ""coordinates"": [7.26976425, 43.71381312]}"
06088AC020949B;L'OISEAU BLEU;CENTRE MULTI ACCUEIL;6088;PETITE ENFANCE;"{""type"": ""Point"", ""coordinates"": [7.27584143, 43.72973981]}"
06088AA063816A;L'ILE DES ENFANTS;CENTRE MULTI ACCUEIL;6088;PETITE ENFANCE;"{""type"": ""Point"", ""coordinates"": [7.26468779, 43.70333782]}"
06088AB006610A;BARON DE BELLET;CENTRE MULTI ACCUEIL;6088;PETITE ENFANCE;"{""type"": ""Point"", ""coordinates"": [7.29264534, 43.69911629]}"
06073AA00050D;JARDIN D'ENFANTS;CRECHE FAMILIALE;6073;PETITE ENFANCE;"{""type"": ""Point"", ""coordinates"": [7.15741425, 44.18438888]}"
06088AG02864A;LA MAIOUNETA;"ETABLISSEMENT MIXTE ""VILLE-ENTREPRISES""";6088;PETITE ENFANCE;"{""type"": ""Point"", ""coordinates"": [7.25453587, 43.70469046]}"
06088AM0044151A;ANTENNE LES PETITES ETOILES;SERVICE D'ACCUEIL FAMILIAL;6088;PETITE ENFANCE;"{""type"": ""Point"", ""coordinates"": [7.23467835, 43.70337451]}"
06064AA0105244A;CRECHE CANAILLOUS;CRECHE FAMILIALE;6064;PETITE ENFANCE;"{""type"": ""Point"", ""coordinates"": [7.17681373, 43.75846726]}"
